mmsi,x,y,time,colreg_compliant,good_seamanship,unmodeled_behaviour,has_turned_portwards,has_turned_starboardwards,change_in_speed,is_changing_course,CR_PS,CR_SS,HO,OT_en,OT_ing,priority_lower,priority_similar,priority_higher,risk_of_collision,current_risk_of_collision,start
219022165,-35549.9738195248,-11937.9235415731,180.0000000000,0.9796926510,0.9899700000,0.0105994295,0.0000000000,0.0000000000,0,0.0000000000,0.0000000000,1.0000000000,0.0000000000,0.0000000000,0.0000000000,0.0500191024,0.8993820837,0.0505988139,0.0616089471,0.0616089471,0
244150372,-35664.4574048453,-4943.4850155889,180.0000000000,0.9804749622,0.9903800000,0.0101304390,0.0000000000,0.0000000000,0,0.0000000000,1.0000000000,0.0000000000,0.0000000000,0.0000000000,0.0000000000,0.0494502925,0.9002120310,0.0503376766,0.0630989832,0.0630989832,0
219022165,-35607.0424278943,-11648.4575636996,240.0000000000,0.9794221540,0.9902700000,0.0096393256,0.0000000000,0.0000000000,0,0.0000000000,0.0000000000,1.0000000000,0.0000000000,0.0000000000,0.0000000000,0.0503338207,0.8998417107,0.0498244686,0.1021396693,0.1021396693,0
244150372,-35571.1596590577,-5106.6626325187,240.0000000000,0.9801014894,0.9902400000,0.0102151492,0.0000000000,0.0000000000,0,0.0000000000,1.0000000000,0.0000000000,0.0000000000,0.0000000000,0.0000000000,0.0489886658,0.9020414948,0.0489698395,0.1049410804,0.1049410804,0
219022165,-35652.6169475551,-11360.2220555843,300.0000000000,0.9795726362,0.9903800000,0.0098597807,0.0000000000,0.0000000000,0,0.0000000000,0.0000000000,1.0000000000,0.0000000000,0.0000000000,0.0000000000,0.0504866427,0.9011425053,0.0483708520,0.2429535677,0.2429535677,0
244150372,-35474.8471832971,-5270.9780655680,300.0000000000,0.9804684440,0.9893200000,0.0100820724,0.0000000000,0.0000000000,0,0.0000000000,1.0000000000,0.0000000000,0.0000000000,0.0000000000,0.0000000000,0.0511501221,0.8988368878,0.0500129901,0.2425310882,0.2425310882,0
219022165,-35708.0665512599,-11077.8733244480,360.0000000000,0.9773544827,0.9901800000,0.0110433062,0.0000000000,0.0000000000,0,0.0000000000,0.0000000000,0.0000000000,1.0000000000,0.0000000000,0.0000000000,0.0515050854,0.8914156375,0.0570792772,0.9996502737,0.9996502737,0
244150372,-35442.0880129027,-5456.0523014790,360.0000000000,0.9815085580,0.5044477283,0.4998787954,1.0000000000,0.0000000000,0,1.0000000000,0.0000000000,1.0000000000,0.0000000000,0.0000000000,0.0000000000,0.0560333004,0.9207732986,0.0231934010,0.9900845155,0.9900845155,0
